school,source_type,source_name,date,theme,evidence_excerpt,manual_sentiment_label,manual_sentiment_score,url,textblob_polarity
UPenn,Niche / after-college poll,University of Pennsylvania Graduation Rate and Average Graduate Income,2026-04 (page snapshot),post-grad outcomes / alumni sentiment proxy,Value grade A+; 78% say the program is worth the money; 100% agree the alumni network is very strong; 88% say the career center helped with jobs/internships.,positive,2,https://www.niche.com/colleges/university-of-pennsylvania/after-college/,0.254
UPenn,Niche / campus life polls,University of Pennsylvania Campus Life,2026-04 (page snapshot),campus life / safety / school spirit,"Student Life grade A+; 35% say they love everything about the school, 61% mostly like it, 3% hate it; 93% say they feel extremely safe; campus food grade C.",mixed-positive,1,https://www.niche.com/colleges/university-of-pennsylvania/campus-life/,0.175
UPenn,Niche / student review,"University of Pennsylvania Student Population, Diversity, & Life",2026-01,community / identity / campus feel,"A student review says Penn has a strong sense of community, interesting and kind people, and a tight-knit department with amazing resources; another describes a 'work hard, play hard' balance.",positive,2,https://www.niche.com/colleges/university-of-pennsylvania/students/,0.258
UPenn,Niche / reviews summary,University of Pennsylvania Reviews,2026-04 (page snapshot),overall sentiment / pain points,"Professors are praised and social life is lively, but dining and housing get mixed reviews, and students want better mental health support and inclusivity.",mixed,0,https://www.niche.com/colleges/university-of-pennsylvania/reviews/,0.114
UPenn,Reddit,r/UPenn — are upenn undergrad students happy,2025-01 approx.,student happiness / stress,"A commenter says many students feel unhappy not mainly because of workload, but because of pressure around clubs and high-paying internships on top of school work.",negative,-2,https://www.reddit.com/r/UPenn/comments/1issks2/are_upenn_undergrad_students_happy/,0.079
UPenn,Reddit,r/UPenn — Are you happy at Penn?,2019-09,happiness / competition / fit,"Commenters describe Penn as full of opportunities and resources, but say it can amplify insecurity, competition, burnout and feelings of artificiality for students who do not fit the culture well.",mixed-negative,-1,https://www.reddit.com/r/UPenn/comments/d5wypw/are_you_happy_at_penn/,0.075
UPenn,Student newspaper opinion,The Daily Pennsylvanian — The art of self-promotion: Penn practice or plague?,2025-04-23,school association / campus culture,"The column argues Penn's preprofessional culture turns internships into social currency, makes conversations transactional and leaves some students feeling distant from peers.",negative,-2,https://www.thedp.com/article/2025/04/self-promotion-humble-brag-penn-culture,-0.033
UPenn,Student newspaper reporting,The Daily Pennsylvanian — mental health resources at Penn,2026-01-23,wellness infrastructure,"Penn offers several mental health resources, including free and confidential therapy options, drop-in counseling, peer wellness coaching and 24/7 support.",positive,1,https://www.thedp.com/article/2026/01/penn-wellness-services-students-health-counseling-resources,0.1
UPenn,Student newspaper reporting,The Daily Pennsylvanian — SCUE 2025 white paper,2025-01-31,student feedback / wellness concerns,The white paper says a majority of students want better access to wellness resources and that Penn's pre-professional culture can unintentionally undermine wellness.,mixed-negative,-1,https://www.thedp.com/article/2025/01/penn-scue-white-paper-released-2025-analysis,0.25
UPenn,Student newspaper reporting,The Daily Pennsylvanian — How two years of federal scrutiny shaped today's Penn,2025-08-01,news association / campus climate,"Penn's 2024-25 year is associated with federal scrutiny, student protests, leadership shifts and new mandates — a politically tense backdrop for campus sentiment.",negative,-1,https://www.thedp.com/article/2025/08/penn-back-to-school-2025-political-climate-federal-scrutiny,-0.098
UPenn,Niche / graduate reviews,University of Pennsylvania Graduate Programs,2026-03/04,post-grad / graduate-program sentiment,"Graduate programs hold a 4.54/5 rating across 166 reviews; one review says Penn invests in student community, strong academic/social programming, and career preparation.",positive,1,https://www.niche.com/graduate-schools/university-of-pennsylvania/,0.433
UIUC,Niche / after-college poll,University of Illinois Urbana-Champaign Graduation Rate and Average Graduate Income,2026-04 (page snapshot),post-grad outcomes / alumni sentiment proxy,Value grade A; 75% say the program is worth the money; 94% say the alumni network is very strong; 96% say the career center helped with jobs/internships; 95% employed 1 year after graduation.,positive,2,https://www.niche.com/colleges/university-of-illinois-urbana-champaign/after-college/,0.254
UIUC,Niche / overall review,University of Illinois Urbana-Champaign,2026-02/03,overall feel / belonging,"A review calls UIUC an amazing institution filled with kind people, a home away from home, with rigorous but doable coursework, tutoring and mental health resources.",positive,2,https://www.niche.com/colleges/university-of-illinois-urbana-champaign/,0.375
UIUC,Niche / reviews summary,University of Illinois Urbana-Champaign Reviews,2026-04 (page snapshot),campus life / student experience,"Reviews describe strong academics, lots of majors, food and sports, and an active campus life, but note it can be hard to find your people because the university is so large.",mixed-positive,1,https://www.niche.com/colleges/university-of-illinois-urbana-champaign/reviews/,0.056
UIUC,Niche / critical review,University of Illinois Urbana-Champaign,2026-02,inclusion / support for Black students,"An alum says they loved the Black community they found, but without that 'tribe' they might have dropped out because UIUC did very little to support its small Black student population.",mixed-negative,-1,https://www.niche.com/colleges/university-of-illinois-urbana-champaign/,-0.025
UIUC,Reddit,r/UIUC — Pros and Cons of Attending UIUC,2026-02,clubs / research / social life,"A commenter says UIUC has lots of clubs, internship help and research opportunities, but the social life can feel lacking if you do not drink.",mixed,0,https://www.reddit.com/r/UIUC/comments/1qzr4z3/pros_and_cons_of_attending_uiuc/,0.033
UIUC,Reddit,r/UIUC — Do you guys actually like it at UIUC?,2019-01,general sentiment / happiness,"Multiple commenters say they love UIUC, feel at home there, and that Reddit overrepresents unhappy posters compared with the silent majority.",positive,2,https://www.reddit.com/r/UIUC/comments/af2mfg/do_you_guys_actually_like_it_at_uiuc/,-0.025
UIUC,Student newspaper reporting,"The Daily Illini — Illinois campus climate survey, visualized",2026-02-05,safety / harassment climate,"In the cross-campus climate survey, UIUC had the highest share of students who disagreed or strongly disagreed that they feel safe from sexual harassment among the 10 listed universities (10.49%).",negative,-2,https://dailyillini.com/special-sections/sex-and-dating-guide/2026/02/05/campus-climate-survey/,0.478
UIUC,Student newspaper reporting,"The Daily Illini — 100 Strong builds community, culture for Black UI students",2026-03-13,school association / belonging / retention,100 Strong is framed as a key community-building and retention program: students describe belonging and support systems as central to staying and thriving at UIUC.,positive,1,https://dailyillini.com/life_and_culture-stories/culture-diversity/2026/03/13/100-strong-builds-community-culture-for-black-university-students/,0.144
UIUC,Student newspaper reporting,The Daily Illini — Orange Krush: More than just a student section,2024-07-29,school spirit / community,"Orange Krush is portrayed as a high-energy school-spirit hub that helps students build friendships and memories, reinforcing a strong public-school pride identity.",positive,2,https://dailyillini.com/sports-stories/basketball/2024/07/29/orange-krush/,0.433
UIUC,Student newspaper reporting,The Daily Illini — UI responds to federal DEI directives,2025-04-21,news association / policy tension,"Recent UIUC news associations include federal DEI compliance pressure, website review efforts and uncertainty over how campus programs will change.",negative,-1,https://dailyillini.com/news-stories/world-news/national-news/us-government/2025/04/21/ui-responds-federal-dei-directives/,0.0
UIUC,Student newspaper reporting,The Daily Illini — ICE OUT rally,2026-04-09,news association / campus politics / grad-worker sentiment,"Recent UIUC coverage ties campus sentiment to activism around immigration protections, graduate-worker concerns and criticism of the university's external partnerships.",mixed-negative,-1,https://dailyillini.com/news-stories/university-news/protests-strikes/2026/04/09/worker-unions-demand-ui-immigration-protections-ice-out-rally/,0.0
UIUC,Niche / graduate reviews,University of Illinois Urbana-Champaign Graduate Programs,2026-03/04,post-grad / graduate-program sentiment,"Graduate programs hold a 4.57/5 rating across 169 reviews; reviews describe the experience as rigorous, transformative and supported by a strong community and faculty.",positive,1,https://www.niche.com/graduate-schools/university-of-illinois-urbana-champaign/,0.433
