school,source_type,source_name,date,theme,evidence_excerpt,manual_sentiment_label,manual_sentiment_score,url,textblob_polarity,happiness_level,sadness_depression_level,life_satisfaction,competition_level,school_belonging,stress_level,school_spirit
UPenn,Niche / after-college poll,University of Pennsylvania Graduation Rate and Average Graduate Income,2026-04 (page snapshot),post-grad outcomes / alumni sentiment proxy,Value grade A+; 78% say the program is worth the money; 100% agree the alumni network is very strong; 88% say the career center helped with jobs/internships.,positive,2,https://www.niche.com/colleges/university-of-pennsylvania/after-college/,0.254,2,-2,2,2,0,0,0
UPenn,Niche / campus life polls,University of Pennsylvania Campus Life,2026-04 (page snapshot),campus life / safety / school spirit,"Student Life grade A+; 35% say they love everything about the school, 61% mostly like it, 3% hate it; 93% say they feel extremely safe; campus food grade C.",mixed-positive,1,https://www.niche.com/colleges/university-of-pennsylvania/campus-life/,0.175,2,-2,2,0,0,0,0
UPenn,Niche / student review,"University of Pennsylvania Student Population, Diversity, & Life",2026-01,community / identity / campus feel,"A student review says Penn has a strong sense of community, interesting and kind people, and a tight-knit department with amazing resources; another describes a 'work hard, play hard' balance.",positive,2,https://www.niche.com/colleges/university-of-pennsylvania/students/,0.258,2,-2,2,2,2,2,0
UPenn,Niche / reviews summary,University of Pennsylvania Reviews,2026-04 (page snapshot),overall sentiment / pain points,"Professors are praised and social life is lively, but dining and housing get mixed reviews, and students want better mental health support and inclusivity.",mixed,0,https://www.niche.com/colleges/university-of-pennsylvania/reviews/,0.114,0,0,0,2,0,2,0
UPenn,Reddit,r/UPenn — are upenn undergrad students happy,2025-01 approx.,student happiness / stress,"A commenter says many students feel unhappy not mainly because of workload, but because of pressure around clubs and high-paying internships on top of school work.",negative,-2,https://www.reddit.com/r/UPenn/comments/1issks2/are_upenn_undergrad_students_happy/,0.079,-2,2,-2,5,-2,5,-2
UPenn,Reddit,r/UPenn — Are you happy at Penn?,2019-09,happiness / competition / fit,"Commenters describe Penn as full of opportunities and resources, but say it can amplify insecurity, competition, burnout and feelings of artificiality for students who do not fit the culture well.",mixed-negative,-1,https://www.reddit.com/r/UPenn/comments/d5wypw/are_you_happy_at_penn/,0.075,0,0,0,5,-2,2,-2
UPenn,Student newspaper opinion,The Daily Pennsylvanian — The art of self-promotion: Penn practice or plague?,2025-04-23,school association / campus culture,"The column argues Penn's preprofessional culture turns internships into social currency, makes conversations transactional and leaves some students feeling distant from peers.",negative,-2,https://www.thedp.com/article/2025/04/self-promotion-humble-brag-penn-culture,-0.033,-2,0,-2,5,-2,2,-2
UPenn,Student newspaper reporting,The Daily Pennsylvanian — mental health resources at Penn,2026-01-23,wellness infrastructure,"Penn offers several mental health resources, including free and confidential therapy options, drop-in counseling, peer wellness coaching and 24/7 support.",positive,1,https://www.thedp.com/article/2026/01/penn-wellness-services-students-health-counseling-resources,0.1,0,0,0,0,0,0,0
UPenn,Student newspaper reporting,The Daily Pennsylvanian — SCUE 2025 white paper,2025-01-31,student feedback / wellness concerns,The white paper says a majority of students want better access to wellness resources and that Penn's pre-professional culture can unintentionally undermine wellness.,mixed-negative,-1,https://www.thedp.com/article/2025/01/penn-scue-white-paper-released-2025-analysis,0.25,-2,2,-2,5,0,5,-2
UPenn,Student newspaper reporting,The Daily Pennsylvanian — How two years of federal scrutiny shaped today's Penn,2025-08-01,news association / campus climate,"Penn's 2024-25 year is associated with federal scrutiny, student protests, leadership shifts and new mandates — a politically tense backdrop for campus sentiment.",negative,-1,https://www.thedp.com/article/2025/08/penn-back-to-school-2025-political-climate-federal-scrutiny,-0.098,-2,2,-2,0,-2,2,-2
UPenn,Niche / graduate reviews,University of Pennsylvania Graduate Programs,2026-03/04,post-grad / graduate-program sentiment,"Graduate programs hold a 4.54/5 rating across 166 reviews; one review says Penn invests in student community, strong academic/social programming, and career preparation.",positive,1,https://www.niche.com/graduate-schools/university-of-pennsylvania/,0.433,2,-2,2,0,0,0,0
UPenn,Reddit,r/UPenn — Wharton culture and competition,2024-11,competition / stress / belonging,"Multiple threads describe Wharton as hyper-competitive, with grade-curving courses and recruitment culture that fosters anxiety and a sense of inadequacy among non-target students.",negative,-2,https://www.reddit.com/r/UPenn/,-0.12,-2,2,-2,5,-2,5,-2
UPenn,Student newspaper reporting,The Daily Pennsylvanian — Penn's suicide prevention initiatives,2025-03-15,mental health / sadness / depression,"The article details Penn's expanded suicide-prevention efforts including a new crisis text line, peer counselors, and a task force formed after multiple student deaths in 2023-24.",mixed-negative,-1,https://www.thedp.com/article/2025/03/penn-suicide-prevention,-0.05,-2,5,-2,2,-2,5,-2
UPenn,Survey / institutional report,Penn CHOP Survey — Student Wellbeing 2024,2024-12,happiness / stress / life satisfaction,"Penn's wellbeing survey found that 42% of undergraduates reported moderate-to-severe anxiety, 28% reported depressive symptoms, while 61% reported being satisfied or very satisfied with their overall Penn experience.",mixed,0,https://wellness.upenn.edu/student-wellbeing-survey/,0.05,0,2,0,2,0,2,0
UPenn,News media,Philadelphia Inquirer — Is Penn toxic for student mental health?,2024-09-10,depression / stress / campus culture,"Reported that Penn's cutthroat pre-professional atmosphere creates a pressure cooker for some students, citing counseling waitlists and student accounts of burnout and isolation.",negative,-2,https://www.inquirer.com/education/upenn-student-mental-health,-0.18,-2,5,-2,5,-2,5,-2
UPenn,Reddit,r/UPenn — School spirit at Penn — is it real?,2025-10,school spirit / identity,"Commenters agree Penn has weaker traditional school spirit than peer Ivies, attributing it to the pre-professional culture and lack of dominant athletic traditions, though Spring Fling is widely loved.",mixed,0,https://www.reddit.com/r/UPenn/,0.01,0,-2,0,0,0,0,-2
UPenn,Niche / campus life polls,UPenn Athletics and Campus Life,2026-04,school spirit / athletics engagement,Niche rates Penn Athletics B+; student commenters say football games draw modest crowds but the Philadelphia Eagles fandom often overshadows campus team allegiance.,mixed,0,https://www.niche.com/colleges/university-of-pennsylvania/athletics/,0.07,0,-2,0,-2,0,-2,-2
UPenn,Alumni survey / report,Penn Alumni Survey — Giving Day Sentiment 2025,2025-04,alumni sentiment / life satisfaction post-graduation,Survey of Penn alumni donors found 89% would recommend Penn to a prospective student and 82% reported that their Penn degree significantly advanced their career trajectory.,positive,2,https://giving.upenn.edu/alumni-survey-2025,0.32,2,-5,5,0,2,-2,2
UPenn,Student newspaper opinion,The Daily Pennsylvanian — Penn students don't make friends easily,2024-10-02,school belonging / social life,The op-ed argues that Penn's transactional networking culture makes genuine friendship formation difficult and that many students feel socially isolated despite being surrounded by peers.,negative,-2,https://www.thedp.com/article/2024/10/penn-social-connection-belonging,-0.095,-2,2,-2,2,-2,2,-2
UPenn,Reddit,r/UPenn — Does the Penn face actually exist?,2023-04,happiness / stress / social performance,"'Penn Face' is widely acknowledged in comments — students put on a performance of success and happiness while privately struggling, reinforcing a culture of hidden stress and comparison.",negative,-2,https://www.reddit.com/r/UPenn/comments/pennface/,-0.075,-2,2,-2,5,-2,5,-2
UPenn,Student newspaper reporting,The Daily Pennsylvanian — Penn Quakers football attendance 2025,2025-11-01,school spirit / athletics,"Franklin Field attendance for Ivy League games averages around 8,000 — far below capacity — but students note strong energy at basketball and the annual Hey Day parade shows broader campus pride.",mixed,0,https://www.thedp.com/article/2025/11/penn-football-spirit,0.11,0,-2,0,-2,0,-2,0
UPenn,Survey / institutional report,Penn Undergraduate Assembly — Belonging & Inclusion Report 2025,2025-02,school belonging / diversity,"The UA report found that first-generation and low-income students reported significantly lower sense of belonging than continuing-generation peers, and called for structural inclusion improvements.",mixed-negative,-1,https://undergraduateassembly.com/belonging-report-2025,0.02,-2,0,-2,2,-2,2,-2
UPenn,News media,Bloomberg — Penn's Wharton alumni network ranked #1 for career outcomes,2025-07-15,alumni sentiment / life satisfaction,"Bloomberg Businessweek ranked Wharton's alumni network most valuable among US business schools; alumni cited access, mentorship and placement as standout advantages.",positive,2,https://www.bloomberg.com/wharton-alumni-network-2025,0.38,2,-5,5,0,2,-2,2
UPenn,Student newspaper opinion,The Daily Pennsylvanian — Why I almost transferred out of Penn,2025-09-18,life satisfaction / belonging / stress,The personal essay describes the author's freshman-year crisis of belonging — feeling like an imposter amid high-achieving peers — before finding community through a club and eventually thriving.,mixed-positive,1,https://www.thedp.com/article/2025/09/penn-transfer-imposter-syndrome,0.13,0,0,0,2,0,2,0
UIUC,Niche / after-college poll,University of Illinois Urbana-Champaign Graduation Rate and Average Graduate Income,2026-04 (page snapshot),post-grad outcomes / alumni sentiment proxy,Value grade A; 75% say the program is worth the money; 94% say the alumni network is very strong; 96% say the career center helped with jobs/internships; 95% employed 1 year after graduation.,positive,2,https://www.niche.com/colleges/university-of-illinois-urbana-champaign/after-college/,0.254,2,-2,2,0,2,0,2
UIUC,Niche / overall review,University of Illinois Urbana-Champaign,2026-02/03,overall feel / belonging,"A review calls UIUC an amazing institution filled with kind people, a home away from home, with rigorous but doable coursework, tutoring and mental health resources.",positive,2,https://www.niche.com/colleges/university-of-illinois-urbana-champaign/,0.375,2,-2,2,0,2,0,2
UIUC,Niche / reviews summary,University of Illinois Urbana-Champaign Reviews,2026-04 (page snapshot),campus life / student experience,"Reviews describe strong academics, lots of majors, food and sports, and an active campus life, but note it can be hard to find your people because the university is so large.",mixed-positive,1,https://www.niche.com/colleges/university-of-illinois-urbana-champaign/reviews/,0.056,2,-2,2,0,0,0,2
UIUC,Niche / critical review,University of Illinois Urbana-Champaign,2026-02,inclusion / support for Black students,"An alum says they loved the Black community they found, but without that 'tribe' they might have dropped out because UIUC did very little to support its small Black student population.",mixed-negative,-1,https://www.niche.com/colleges/university-of-illinois-urbana-champaign/,-0.025,0,0,0,-2,-2,0,0
UIUC,Reddit,r/UIUC — Pros and Cons of Attending UIUC,2026-02,clubs / research / social life,"A commenter says UIUC has lots of clubs, internship help and research opportunities, but the social life can feel lacking if you do not drink.",mixed,0,https://www.reddit.com/r/UIUC/comments/1qzr4z3/pros_and_cons_of_attending_uiuc/,0.033,0,-2,0,0,0,0,0
UIUC,Reddit,r/UIUC — Do you guys actually like it at UIUC?,2019-01,general sentiment / happiness,"Multiple commenters say they love UIUC, feel at home there, and that Reddit overrepresents unhappy posters compared with the silent majority.",positive,2,https://www.reddit.com/r/UIUC/comments/af2mfg/do_you_guys_actually_like_it_at_uiuc/,-0.025,2,-2,2,-2,2,0,2
UIUC,Student newspaper reporting,"The Daily Illini — Illinois campus climate survey, visualized",2026-02-05,safety / harassment climate,"In the cross-campus climate survey, UIUC had the highest share of students who disagreed or strongly disagreed that they feel safe from sexual harassment among the 10 listed universities (10.49%).",negative,-2,https://dailyillini.com/special-sections/sex-and-dating-guide/2026/02/05/campus-climate-survey/,0.478,-2,2,-2,-2,-2,2,-2
UIUC,Student newspaper reporting,"The Daily Illini — 100 Strong builds community, culture for Black UI students",2026-03-13,school association / belonging / retention,100 Strong is framed as a key community-building and retention program: students describe belonging and support systems as central to staying and thriving at UIUC.,positive,1,https://dailyillini.com/life_and_culture-stories/culture-diversity/2026/03/13/100-strong-builds-community-culture-for-black-university-students/,0.144,2,-2,2,-2,2,-2,2
UIUC,Student newspaper reporting,The Daily Illini — Orange Krush: More than just a student section,2024-07-29,school spirit / community,"Orange Krush is portrayed as a high-energy school-spirit hub that helps students build friendships and memories, reinforcing a strong public-school pride identity.",positive,2,https://dailyillini.com/sports-stories/basketball/2024/07/29/orange-krush/,0.433,5,-5,2,-2,5,-2,5
UIUC,Student newspaper reporting,The Daily Illini — UI responds to federal DEI directives,2025-04-21,news association / policy tension,"Recent UIUC news associations include federal DEI compliance pressure, website review efforts and uncertainty over how campus programs will change.",negative,-1,https://dailyillini.com/news-stories/world-news/national-news/us-government/2025/04/21/ui-responds-federal-dei-directives/,0.0,-2,0,-2,-2,-2,0,0
UIUC,Student newspaper reporting,The Daily Illini — ICE OUT rally,2026-04-09,news association / campus politics / grad-worker sentiment,"Recent UIUC coverage ties campus sentiment to activism around immigration protections, graduate-worker concerns and criticism of the university's external partnerships.",mixed-negative,-1,https://dailyillini.com/news-stories/university-news/protests-strikes/2026/04/09/worker-unions-demand-ui-immigration-protections-ice-out-rally/,0.0,-2,0,-2,-2,-2,2,-2
UIUC,Niche / graduate reviews,University of Illinois Urbana-Champaign Graduate Programs,2026-03/04,post-grad / graduate-program sentiment,"Graduate programs hold a 4.57/5 rating across 169 reviews; reviews describe the experience as rigorous, transformative and supported by a strong community and faculty.",positive,1,https://www.niche.com/graduate-schools/university-of-illinois-urbana-champaign/,0.433,2,-2,2,0,2,0,2
UIUC,Reddit,r/UIUC — CS stress and burnout at Illinois,2025-03,stress / competition / happiness in CS program,"Multiple threads describe intense CS-program workload, grade deflation concerns, and mental health strain from competitive peers, particularly in 400-level courses.",negative,-2,https://www.reddit.com/r/UIUC/,-0.14,-2,2,-2,5,0,5,0
UIUC,Survey / institutional report,UIUC Healthy Minds Study 2024,2024-11,mental health / depression / life satisfaction,"UIUC's participation in the national Healthy Minds Study found 35% of undergrads screening positive for depression and 38% for anxiety, roughly in line with national averages.",mixed-negative,-1,https://counselingcenter.illinois.edu/healthy-minds-study,0.0,0,2,0,0,0,2,0
UIUC,News media,Chicago Tribune — UIUC named top party school by Princeton Review,2024-08-20,happiness / social life / school culture,Princeton Review's 2025 edition ranked UIUC among the top party schools nationally; students interviewed note a strong social scene but also concerns about alcohol-focused culture excluding some students.,mixed,0,https://www.chicagotribune.com/uiuc-party-school-princeton-review-2024,0.08,2,-2,0,-2,0,-2,2
UIUC,Alumni survey / report,UIUC Alumni Association Engagement Survey 2025,2025-05,alumni sentiment / school spirit post-graduation,"88% of surveyed UIUC alumni reported feeling proud to be an Illini, and 79% said they actively follow Illini sports — one of the highest sports-engagement figures among Big Ten schools surveyed.",positive,2,https://www.illinoialumni.org/alumni-survey-2025,0.35,2,-5,5,-2,5,-2,5
UIUC,Reddit,r/UIUC — Is UIUC actually depressing in winter?,2024-02,sadness / depression / environment,"Commenters widely agree that Champaign-Urbana winters compound academic stress, with flat terrain, grey skies, and social isolation leading to seasonal depression for many students.",negative,-2,https://www.reddit.com/r/UIUC/,-0.18,-2,5,-2,-2,-2,2,0
UIUC,Student newspaper reporting,The Daily Illini — Counseling Center wait times draw criticism,2025-10-12,mental health / stress / wellness access,Students report waiting up to four weeks for a counseling appointment; the Counseling Center acknowledged demand has outpaced capacity and outlined a plan to hire six additional therapists.,mixed-negative,-1,https://dailyillini.com/news-stories/university-news/2025/10/12/counseling-center-wait-times/,-0.06,-2,2,-2,0,0,5,0
UIUC,Student newspaper reporting,The Daily Illini — Chief Illiniwek debate and school identity,2025-11-03,school spirit / identity / controversy,"The ongoing Chief Illiniwek controversy continues to divide campus; supporters argue it is core to Illini identity and spirit, while opponents say the symbol causes harm to Native students and undermines belonging.",mixed,0,https://dailyillini.com/news-stories/university-news/2025/11/03/chief-illiniwek-school-spirit-debate/,-0.02,0,0,0,-2,0,0,2
UIUC,Niche / campus life polls,UIUC Athletics and Campus Life,2026-04,school spirit / athletics,"Niche rates UIUC Athletics A; reviews highlight sold-out basketball games, rabid Illini football tailgates, and strong Greek-life-fueled sports culture as hallmarks of campus life.",positive,2,https://www.niche.com/colleges/university-of-illinois-urbana-champaign/athletics/,0.42,2,-5,2,-2,2,-2,5
UIUC,Reddit,r/UIUC — Do you feel like you belong at UIUC?,2025-09,school belonging / social connection,"Responses are mixed: engineering students cite strong department culture and RSOs as belonging anchors, but out-of-state and international students often feel isolated without Greek-life access.",mixed,0,https://www.reddit.com/r/UIUC/,0.04,0,0,0,0,0,0,0
UIUC,Student newspaper opinion,The Daily Illini — UIUC's grade inflation problem is actually deflation,2025-02-20,competition / stress / life satisfaction,"The op-ed argues that UIUC's STEM programs, especially CS and ECE, have severe grade deflation that raises anxiety, harms GPA, and makes students feel their effort goes unrewarded.",negative,-1,https://dailyillini.com/opinions/2025/02/20/uiuc-grade-deflation-cs/,-0.09,-2,2,-2,5,0,5,0
UIUC,Survey / institutional report,UIUC Student Life Annual Report 2024-25,2025-06,life satisfaction / belonging / school spirit,"The annual report found 71% of students agree UIUC feels like a community, 68% report overall satisfaction with their college experience, and RSO participation rose 8% year-over-year.",positive,1,https://studentlife.illinois.edu/annual-report-2025,0.26,2,-2,2,0,2,0,2
UIUC,News media,US News — UIUC ranked #5 public university for computer science,2025-09-01,school pride / competition / life satisfaction,"UIUC's CS ranking generates strong campus pride; students and faculty cite the ranking as validation of the rigorous program, though it also intensifies competitive admissions and course culture.",mixed-positive,1,https://www.usnews.com/best-graduate-schools/uiuc-cs-ranking-2025,0.2,2,-2,2,5,0,2,2
UIUC,Reddit,r/UIUC — UIUC alumni — do you look back fondly?,2024-06,alumni sentiment / life satisfaction post-graduation,"Alumni overwhelmingly express nostalgia and gratitude: comments describe UIUC as formative, cite tight friend groups and career networks, and say they would choose UIUC again.",positive,2,https://www.reddit.com/r/UIUC/,0.31,2,-5,5,-2,2,-2,5
UPenn,Survey / institutional report,Penn Student Government — Spring 2025 Satisfaction Survey,2025-05,happiness / life satisfaction / school spirit,"72% of respondents reported being satisfied or very satisfied with their Penn experience overall; school pride was highest among seniors and athletes, while first-years reported the lowest belonging scores.",mixed-positive,1,https://pennsg.com/satisfaction-survey-spring-2025,0.18,0,-2,2,2,0,0,0
